{
  "hash": "42a7b6ee",
  "configHash": "edb57b12",
  "lockfileHash": "b10082d3",
  "browserHash": "a9282c18",
  "optimized": {
    "@angular/core": {
      "src": "../../../../../../node_modules/@angular/core/fesm2022/core.mjs",
      "file": "@angular_core.js",
      "fileHash": "c68ddaec",
      "needsInterop": false
    },
    "@angular/platform-browser": {
      "src": "../../../../../../node_modules/@angular/platform-browser/fesm2022/platform-browser.mjs",
      "file": "@angular_platform-browser.js",
      "fileHash": "23322bc3",
      "needsInterop": false
    },
    "@angular/common": {
      "src": "../../../../../../node_modules/@angular/common/fesm2022/common.mjs",
      "file": "@angular_common.js",
      "fileHash": "fe922ec8",
      "needsInterop": false
    }
  },
  "chunks": {
    "chunk-T5CIGU7P": {
      "file": "chunk-T5CIGU7P.js"
    },
    "chunk-XCPDHUAE": {
      "file": "chunk-XCPDHUAE.js"
    }
  }
}